<?xml version='1.0' encoding='UTF-8' standalone='no'?>
<doxygen xmlns:xsi="http://www.w3.org/2001/XMLSchema-instance" xsi:noNamespaceSchemaLocation="compound.xsd" version="1.8.16">
  <compounddef id="2__ser_8c" kind="file" language="C++">
    <compoundname>2_ser.c</compoundname>
    <includes local="no">arpa/inet.h</includes>
    <includes local="no">netinet/in.h</includes>
    <includes local="no">stdio.h</includes>
    <includes local="no">stdlib.h</includes>
    <includes local="no">string.h</includes>
    <includes local="no">sys/socket.h</includes>
    <includes local="no">sys/types.h</includes>
    <includes local="no">unistd.h</includes>
    <incdepgraph>
      <node id="3">
        <label>netinet/in.h</label>
      </node>
      <node id="2">
        <label>arpa/inet.h</label>
      </node>
      <node id="5">
        <label>stdlib.h</label>
      </node>
      <node id="1">
        <label>/home/krishna/Documents/csn361/3/2_ser.c</label>
        <link refid="2__ser_8c"/>
        <childnode refid="2" relation="include">
        </childnode>
        <childnode refid="3" relation="include">
        </childnode>
        <childnode refid="4" relation="include">
        </childnode>
        <childnode refid="5" relation="include">
        </childnode>
        <childnode refid="6" relation="include">
        </childnode>
        <childnode refid="7" relation="include">
        </childnode>
        <childnode refid="8" relation="include">
        </childnode>
        <childnode refid="9" relation="include">
        </childnode>
      </node>
      <node id="8">
        <label>sys/types.h</label>
      </node>
      <node id="6">
        <label>string.h</label>
      </node>
      <node id="9">
        <label>unistd.h</label>
      </node>
      <node id="7">
        <label>sys/socket.h</label>
      </node>
      <node id="4">
        <label>stdio.h</label>
      </node>
    </incdepgraph>
      <sectiondef kind="define">
      <memberdef kind="define" id="2__ser_8c_1a6e618c0ec6ffc8ac4489d11c65a5a67c" prot="public" static="no">
        <name>sendrecvflag</name>
        <initializer>0</initializer>
        <briefdescription>
        </briefdescription>
        <detaileddescription>
        </detaileddescription>
        <inbodydescription>
        </inbodydescription>
        <location file="/home/krishna/Documents/csn361/3/2_ser.c" line="28" column="9" bodyfile="/home/krishna/Documents/csn361/3/2_ser.c" bodystart="28" bodyend="-1"/>
      </memberdef>
      <memberdef kind="define" id="2__ser_8c_1a49e1fa6b4860231cbcb87bd74f65569f" prot="public" static="no">
        <name>nofile</name>
        <initializer>&quot;File Not Found!&quot;</initializer>
        <briefdescription>
        </briefdescription>
        <detaileddescription>
        </detaileddescription>
        <inbodydescription>
        </inbodydescription>
        <location file="/home/krishna/Documents/csn361/3/2_ser.c" line="29" column="9" bodyfile="/home/krishna/Documents/csn361/3/2_ser.c" bodystart="29" bodyend="-1"/>
      </memberdef>
      </sectiondef>
      <sectiondef kind="func">
      <memberdef kind="function" id="2__ser_8c_1a37e9b2e0b0fcbe7d2d5bd9c9467c1fb8" prot="public" static="no" const="no" explicit="no" inline="no" virt="non-virtual">
        <type>void</type>
        <definition>void clearBuf</definition>
        <argsstring>(char *b)</argsstring>
        <name>clearBuf</name>
        <param>
          <type>char *</type>
          <declname>b</declname>
        </param>
        <briefdescription>
        </briefdescription>
        <detaileddescription>
<para>This method will be used to clear Buffer. <simplesect kind="author"><para>Krishna Yeswanth </para>
</simplesect>
<parameterlist kind="param"><parameteritem>
<parameternamelist>
<parametername>char</parametername>
</parameternamelist>
<parameterdescription>
<para>pointer </para>
</parameterdescription>
</parameteritem>
</parameterlist>
<simplesect kind="date"><para>8/22/2019 </para>
</simplesect>
</para>
        </detaileddescription>
        <inbodydescription>
        </inbodydescription>
        <location file="/home/krishna/Documents/csn361/3/2_ser.c" line="38" column="6" bodyfile="/home/krishna/Documents/csn361/3/2_ser.c" bodystart="38" bodyend="43"/>
      </memberdef>
      <memberdef kind="function" id="2__ser_8c_1a19fc2d7afbfbca5d5b78534e8eeb6b29" prot="public" static="no" const="no" explicit="no" inline="no" virt="non-virtual">
        <type>int</type>
        <definition>int sendFile</definition>
        <argsstring>(FILE *fp, char *buf, int s)</argsstring>
        <name>sendFile</name>
        <param>
          <type>FILE *</type>
          <declname>fp</declname>
        </param>
        <param>
          <type>char *</type>
          <declname>buf</declname>
        </param>
        <param>
          <type>int</type>
          <declname>s</declname>
        </param>
        <briefdescription>
        </briefdescription>
        <detaileddescription>
<para>This method will be used to get file into buffer. <simplesect kind="author"><para>Krishna Yeswanth </para>
</simplesect>
<parameterlist kind="param"><parameteritem>
<parameternamelist>
<parametername>file</parametername>
</parameternamelist>
<parameterdescription>
<para>pointer, buffer pointer and size </para>
</parameterdescription>
</parameteritem>
</parameterlist>
<simplesect kind="date"><para>8/22/2019 </para>
</simplesect>
</para>
        </detaileddescription>
        <inbodydescription>
        </inbodydescription>
        <location file="/home/krishna/Documents/csn361/3/2_ser.c" line="52" column="5" bodyfile="/home/krishna/Documents/csn361/3/2_ser.c" bodystart="52" bodyend="70"/>
      </memberdef>
      <memberdef kind="function" id="2__ser_8c_1ae66f6b31b5ad750f1fe042a706a4e3d4" prot="public" static="no" const="no" explicit="no" inline="no" virt="non-virtual">
        <type>int</type>
        <definition>int main</definition>
        <argsstring>()</argsstring>
        <name>main</name>
        <briefdescription>
        </briefdescription>
        <detaileddescription>
        </detaileddescription>
        <inbodydescription>
        </inbodydescription>
        <location file="/home/krishna/Documents/csn361/3/2_ser.c" line="72" column="5" bodyfile="/home/krishna/Documents/csn361/3/2_ser.c" bodystart="72" bodyend="124"/>
      </memberdef>
      </sectiondef>
    <briefdescription>
    </briefdescription>
    <detaileddescription>
    </detaileddescription>
    <programlisting>
<codeline lineno="1"></codeline>
<codeline lineno="17"><highlight class="comment">//<sp/>UDP<sp/>server<sp/></highlight><highlight class="normal"></highlight></codeline>
<codeline lineno="18"><highlight class="normal"></highlight><highlight class="preprocessor">#include<sp/>&lt;arpa/inet.h&gt;</highlight><highlight class="normal"><sp/></highlight></codeline>
<codeline lineno="19"><highlight class="normal"></highlight><highlight class="preprocessor">#include<sp/>&lt;netinet/in.h&gt;</highlight><highlight class="normal"><sp/></highlight></codeline>
<codeline lineno="20"><highlight class="normal"></highlight><highlight class="preprocessor">#include<sp/>&lt;stdio.h&gt;</highlight><highlight class="normal"><sp/></highlight></codeline>
<codeline lineno="21"><highlight class="normal"></highlight><highlight class="preprocessor">#include<sp/>&lt;stdlib.h&gt;</highlight><highlight class="normal"><sp/></highlight></codeline>
<codeline lineno="22"><highlight class="normal"></highlight><highlight class="preprocessor">#include<sp/>&lt;string.h&gt;</highlight><highlight class="normal"><sp/></highlight></codeline>
<codeline lineno="23"><highlight class="normal"></highlight><highlight class="preprocessor">#include<sp/>&lt;sys/socket.h&gt;</highlight><highlight class="normal"><sp/></highlight></codeline>
<codeline lineno="24"><highlight class="normal"></highlight><highlight class="preprocessor">#include<sp/>&lt;sys/types.h&gt;</highlight><highlight class="normal"><sp/></highlight></codeline>
<codeline lineno="25"><highlight class="normal"></highlight><highlight class="preprocessor">#include<sp/>&lt;unistd.h&gt;</highlight><highlight class="normal"><sp/></highlight></codeline>
<codeline lineno="26"><highlight class="normal"></highlight></codeline>
<codeline lineno="27"><highlight class="normal"></highlight></codeline>
<codeline lineno="28"><highlight class="normal"></highlight><highlight class="preprocessor">#define<sp/>sendrecvflag<sp/>0<sp/></highlight><highlight class="normal"></highlight></codeline>
<codeline lineno="29"><highlight class="normal"></highlight><highlight class="preprocessor">#define<sp/>nofile<sp/>&quot;File<sp/>Not<sp/>Found!&quot;<sp/></highlight><highlight class="normal"></highlight></codeline>
<codeline lineno="30"><highlight class="normal"></highlight></codeline>
<codeline lineno="37"><highlight class="comment">//<sp/>function<sp/>to<sp/>clear<sp/>buffer<sp/></highlight><highlight class="normal"></highlight></codeline>
<codeline lineno="38"><highlight class="normal"></highlight><highlight class="keywordtype">void</highlight><highlight class="normal"><sp/><ref refid="2__ser_8c_1a37e9b2e0b0fcbe7d2d5bd9c9467c1fb8" kindref="member">clearBuf</ref>(</highlight><highlight class="keywordtype">char</highlight><highlight class="normal">*<sp/>b)<sp/></highlight></codeline>
<codeline lineno="39"><highlight class="normal">{<sp/></highlight></codeline>
<codeline lineno="40"><highlight class="normal"><sp/><sp/><sp/><sp/></highlight><highlight class="keywordtype">int</highlight><highlight class="normal"><sp/>i;<sp/></highlight></codeline>
<codeline lineno="41"><highlight class="normal"><sp/><sp/><sp/><sp/></highlight><highlight class="keywordflow">for</highlight><highlight class="normal"><sp/>(i<sp/>=<sp/>0;<sp/>i<sp/>&lt;<sp/>32;<sp/>i++)<sp/></highlight></codeline>
<codeline lineno="42"><highlight class="normal"><sp/><sp/><sp/><sp/><sp/><sp/><sp/><sp/>b[i]<sp/>=<sp/></highlight><highlight class="charliteral">&apos;\0&apos;</highlight><highlight class="normal">;<sp/></highlight></codeline>
<codeline lineno="43"><highlight class="normal">}<sp/></highlight></codeline>
<codeline lineno="44"><highlight class="normal"></highlight></codeline>
<codeline lineno="51"><highlight class="comment">//<sp/>function<sp/>sending<sp/>file<sp/></highlight><highlight class="normal"></highlight></codeline>
<codeline lineno="52"><highlight class="normal"></highlight><highlight class="keywordtype">int</highlight><highlight class="normal"><sp/><ref refid="2__ser_8c_1a19fc2d7afbfbca5d5b78534e8eeb6b29" kindref="member">sendFile</ref>(FILE*<sp/>fp,<sp/></highlight><highlight class="keywordtype">char</highlight><highlight class="normal">*<sp/>buf,<sp/></highlight><highlight class="keywordtype">int</highlight><highlight class="normal"><sp/>s)<sp/></highlight></codeline>
<codeline lineno="53"><highlight class="normal">{<sp/></highlight></codeline>
<codeline lineno="54"><highlight class="normal"><sp/><sp/><sp/><sp/></highlight><highlight class="keywordtype">int</highlight><highlight class="normal"><sp/>i,<sp/>len;<sp/></highlight></codeline>
<codeline lineno="55"><highlight class="normal"><sp/><sp/><sp/><sp/></highlight><highlight class="keywordflow">if</highlight><highlight class="normal"><sp/>(fp<sp/>==<sp/>NULL)<sp/>{<sp/></highlight></codeline>
<codeline lineno="56"><highlight class="normal"><sp/><sp/><sp/><sp/><sp/><sp/><sp/><sp/>strcpy(buf,<sp/><ref refid="2__ser_8c_1a49e1fa6b4860231cbcb87bd74f65569f" kindref="member">nofile</ref>);<sp/></highlight></codeline>
<codeline lineno="57"><highlight class="normal"><sp/><sp/><sp/><sp/><sp/><sp/><sp/><sp/>len<sp/>=<sp/>strlen(<ref refid="2__ser_8c_1a49e1fa6b4860231cbcb87bd74f65569f" kindref="member">nofile</ref>);<sp/></highlight></codeline>
<codeline lineno="58"><highlight class="normal"><sp/><sp/><sp/><sp/><sp/><sp/><sp/><sp/>buf[len]<sp/>=<sp/>EOF;<sp/></highlight></codeline>
<codeline lineno="59"><highlight class="normal"><sp/><sp/><sp/><sp/><sp/><sp/><sp/><sp/></highlight><highlight class="keywordflow">return</highlight><highlight class="normal"><sp/>1;<sp/></highlight></codeline>
<codeline lineno="60"><highlight class="normal"><sp/><sp/><sp/><sp/>}<sp/></highlight></codeline>
<codeline lineno="61"><highlight class="normal"></highlight></codeline>
<codeline lineno="62"><highlight class="normal"><sp/><sp/><sp/><sp/></highlight><highlight class="keywordtype">char</highlight><highlight class="normal"><sp/>ch;<sp/></highlight></codeline>
<codeline lineno="63"><highlight class="normal"><sp/><sp/><sp/><sp/></highlight><highlight class="keywordflow">for</highlight><highlight class="normal"><sp/>(i<sp/>=<sp/>0;<sp/>i<sp/>&lt;<sp/>s;<sp/>i++)<sp/>{<sp/></highlight></codeline>
<codeline lineno="64"><highlight class="normal"><sp/><sp/><sp/><sp/><sp/><sp/><sp/><sp/>ch<sp/>=<sp/>fgetc(fp);</highlight></codeline>
<codeline lineno="65"><highlight class="normal"><sp/><sp/><sp/><sp/><sp/><sp/><sp/><sp/>buf[i]<sp/>=<sp/>ch;<sp/></highlight></codeline>
<codeline lineno="66"><highlight class="normal"><sp/><sp/><sp/><sp/><sp/><sp/><sp/><sp/></highlight><highlight class="keywordflow">if</highlight><highlight class="normal"><sp/>(ch<sp/>==<sp/>EOF)<sp/></highlight></codeline>
<codeline lineno="67"><highlight class="normal"><sp/><sp/><sp/><sp/><sp/><sp/><sp/><sp/><sp/><sp/><sp/><sp/></highlight><highlight class="keywordflow">return</highlight><highlight class="normal"><sp/>1;<sp/></highlight></codeline>
<codeline lineno="68"><highlight class="normal"><sp/><sp/><sp/><sp/>}<sp/></highlight></codeline>
<codeline lineno="69"><highlight class="normal"><sp/><sp/><sp/><sp/></highlight><highlight class="keywordflow">return</highlight><highlight class="normal"><sp/>0;<sp/></highlight></codeline>
<codeline lineno="70"><highlight class="normal">}<sp/></highlight></codeline>
<codeline lineno="71"><highlight class="normal"></highlight></codeline>
<codeline lineno="72"><highlight class="normal"></highlight><highlight class="keywordtype">int</highlight><highlight class="normal"><sp/><ref refid="2__ser_8c_1ae66f6b31b5ad750f1fe042a706a4e3d4" kindref="member">main</ref>()<sp/></highlight></codeline>
<codeline lineno="73"><highlight class="normal">{<sp/></highlight></codeline>
<codeline lineno="74"><highlight class="normal"><sp/><sp/><sp/><sp/></highlight><highlight class="keywordtype">int</highlight><highlight class="normal"><sp/>fd,<sp/>nBytes;<sp/></highlight></codeline>
<codeline lineno="75"><highlight class="normal"><sp/><sp/><sp/><sp/></highlight><highlight class="keyword">struct<sp/></highlight><highlight class="normal">sockaddr_in<sp/>addr_con;<sp/></highlight></codeline>
<codeline lineno="76"><highlight class="normal"><sp/><sp/><sp/><sp/></highlight><highlight class="keywordtype">int</highlight><highlight class="normal"><sp/>addrlen<sp/>=<sp/></highlight><highlight class="keyword">sizeof</highlight><highlight class="normal">(addr_con);<sp/></highlight></codeline>
<codeline lineno="77"><highlight class="normal"><sp/><sp/><sp/><sp/>addr_con.sin_family<sp/>=<sp/>AF_INET;<sp/></highlight></codeline>
<codeline lineno="78"><highlight class="normal"><sp/><sp/><sp/><sp/>addr_con.sin_port<sp/>=<sp/>htons(8080);<sp/></highlight></codeline>
<codeline lineno="79"><highlight class="normal"><sp/><sp/><sp/><sp/>addr_con.sin_addr.s_addr<sp/>=<sp/>INADDR_ANY;<sp/></highlight></codeline>
<codeline lineno="80"><highlight class="normal"><sp/><sp/><sp/><sp/></highlight><highlight class="keywordtype">char</highlight><highlight class="normal"><sp/>buf[32];<sp/></highlight></codeline>
<codeline lineno="81"><highlight class="normal"><sp/><sp/><sp/><sp/>FILE*<sp/>fp;<sp/></highlight></codeline>
<codeline lineno="82"><highlight class="normal"></highlight></codeline>
<codeline lineno="83"><highlight class="normal"><sp/><sp/><sp/><sp/></highlight><highlight class="comment">//<sp/>socket<sp/>define</highlight><highlight class="normal"></highlight></codeline>
<codeline lineno="84"><highlight class="normal"><sp/><sp/><sp/><sp/>fd<sp/>=<sp/>socket(AF_INET,<sp/>SOCK_DGRAM,<sp/>0);<sp/></highlight></codeline>
<codeline lineno="85"><highlight class="normal"></highlight></codeline>
<codeline lineno="86"><highlight class="normal"><sp/><sp/><sp/><sp/></highlight><highlight class="keywordflow">if</highlight><highlight class="normal"><sp/>(fd<sp/>&lt;<sp/>0){</highlight></codeline>
<codeline lineno="87"><highlight class="normal"><sp/><sp/><sp/><sp/><sp/><sp/><sp/><sp/>printf(</highlight><highlight class="stringliteral">&quot;Socket<sp/>define<sp/>failed\n&quot;</highlight><highlight class="normal">);</highlight></codeline>
<codeline lineno="88"><highlight class="normal"><sp/><sp/><sp/><sp/><sp/><sp/><sp/><sp/>exit(0);</highlight></codeline>
<codeline lineno="89"><highlight class="normal"><sp/><sp/><sp/><sp/>}<sp/><sp/></highlight></codeline>
<codeline lineno="90"><highlight class="normal"></highlight></codeline>
<codeline lineno="91"><highlight class="normal"><sp/><sp/><sp/><sp/></highlight><highlight class="comment">//<sp/>binding<sp/>socket<sp/></highlight><highlight class="normal"></highlight></codeline>
<codeline lineno="92"><highlight class="normal"><sp/><sp/><sp/><sp/></highlight><highlight class="keywordflow">if</highlight><highlight class="normal"><sp/>(bind(fd,<sp/>(</highlight><highlight class="keyword">struct</highlight><highlight class="normal"><sp/>sockaddr*)&amp;addr_con,<sp/></highlight><highlight class="keyword">sizeof</highlight><highlight class="normal">(addr_con))<sp/>!=<sp/>0){</highlight></codeline>
<codeline lineno="93"><highlight class="normal"><sp/><sp/><sp/><sp/><sp/><sp/><sp/><sp/>printf(</highlight><highlight class="stringliteral">&quot;Binding<sp/>Failed!\n&quot;</highlight><highlight class="normal">);</highlight></codeline>
<codeline lineno="94"><highlight class="normal"><sp/><sp/><sp/><sp/><sp/><sp/><sp/><sp/>exit(0);</highlight></codeline>
<codeline lineno="95"><highlight class="normal"><sp/><sp/><sp/><sp/>}</highlight></codeline>
<codeline lineno="96"><highlight class="normal"></highlight></codeline>
<codeline lineno="97"><highlight class="normal"><sp/><sp/><sp/><sp/></highlight><highlight class="keywordflow">while</highlight><highlight class="normal"><sp/>(1)<sp/>{<sp/></highlight></codeline>
<codeline lineno="98"><highlight class="normal"><sp/><sp/><sp/><sp/><sp/><sp/><sp/><sp/>printf(</highlight><highlight class="stringliteral">&quot;Waiting<sp/>for<sp/>file<sp/>name...\n&quot;</highlight><highlight class="normal">);<sp/></highlight></codeline>
<codeline lineno="99"><highlight class="normal"></highlight></codeline>
<codeline lineno="100"><highlight class="normal"><sp/><sp/><sp/><sp/><sp/><sp/><sp/><sp/></highlight><highlight class="comment">//<sp/>clearing<sp/>buffer<sp/></highlight><highlight class="normal"></highlight></codeline>
<codeline lineno="101"><highlight class="normal"><sp/><sp/><sp/><sp/><sp/><sp/><sp/><sp/><ref refid="2__ser_8c_1a37e9b2e0b0fcbe7d2d5bd9c9467c1fb8" kindref="member">clearBuf</ref>(buf);<sp/></highlight></codeline>
<codeline lineno="102"><highlight class="normal"></highlight></codeline>
<codeline lineno="103"><highlight class="normal"><sp/><sp/><sp/><sp/><sp/><sp/><sp/><sp/>recvfrom(fd,<sp/>buf,<sp/>32,<sp/><ref refid="2__ser_8c_1a6e618c0ec6ffc8ac4489d11c65a5a67c" kindref="member">sendrecvflag</ref>,<sp/>(</highlight><highlight class="keyword">struct</highlight><highlight class="normal"><sp/>sockaddr*)&amp;addr_con,<sp/>&amp;addrlen);<sp/></highlight></codeline>
<codeline lineno="104"><highlight class="normal"></highlight></codeline>
<codeline lineno="105"><highlight class="normal"><sp/><sp/><sp/><sp/><sp/><sp/><sp/><sp/>fp<sp/>=<sp/>fopen(buf,<sp/></highlight><highlight class="stringliteral">&quot;r&quot;</highlight><highlight class="normal">);<sp/></highlight></codeline>
<codeline lineno="106"><highlight class="normal"><sp/><sp/><sp/><sp/><sp/><sp/><sp/><sp/>printf(</highlight><highlight class="stringliteral">&quot;File<sp/>Name<sp/>Received:<sp/>%s\n&quot;</highlight><highlight class="normal">,<sp/>buf);</highlight></codeline>
<codeline lineno="107"><highlight class="normal"></highlight></codeline>
<codeline lineno="108"><highlight class="normal"><sp/><sp/><sp/><sp/><sp/><sp/><sp/><sp/></highlight><highlight class="keywordflow">while</highlight><highlight class="normal"><sp/>(1)<sp/>{<sp/></highlight></codeline>
<codeline lineno="109"><highlight class="normal"></highlight></codeline>
<codeline lineno="110"><highlight class="normal"><sp/><sp/><sp/><sp/><sp/><sp/><sp/><sp/><sp/><sp/><sp/><sp/></highlight><highlight class="comment">//<sp/>process<sp/></highlight><highlight class="normal"></highlight></codeline>
<codeline lineno="111"><highlight class="normal"><sp/><sp/><sp/><sp/><sp/><sp/><sp/><sp/><sp/><sp/><sp/><sp/></highlight><highlight class="keywordflow">if</highlight><highlight class="normal"><sp/>(<ref refid="2__ser_8c_1a19fc2d7afbfbca5d5b78534e8eeb6b29" kindref="member">sendFile</ref>(fp,<sp/>buf,<sp/>32))<sp/>{<sp/></highlight></codeline>
<codeline lineno="112"><highlight class="normal"><sp/><sp/><sp/><sp/><sp/><sp/><sp/><sp/><sp/><sp/><sp/><sp/><sp/><sp/><sp/><sp/>sendto(fd,<sp/>buf,<sp/>32,<sp/><ref refid="2__ser_8c_1a6e618c0ec6ffc8ac4489d11c65a5a67c" kindref="member">sendrecvflag</ref>,<sp/>(</highlight><highlight class="keyword">struct</highlight><highlight class="normal"><sp/>sockaddr*)&amp;addr_con,<sp/>addrlen);<sp/></highlight></codeline>
<codeline lineno="113"><highlight class="normal"><sp/><sp/><sp/><sp/><sp/><sp/><sp/><sp/><sp/><sp/><sp/><sp/><sp/><sp/><sp/><sp/></highlight><highlight class="keywordflow">break</highlight><highlight class="normal">;<sp/></highlight></codeline>
<codeline lineno="114"><highlight class="normal"><sp/><sp/><sp/><sp/><sp/><sp/><sp/><sp/><sp/><sp/><sp/><sp/>}<sp/></highlight></codeline>
<codeline lineno="115"><highlight class="normal"></highlight></codeline>
<codeline lineno="116"><highlight class="normal"><sp/><sp/><sp/><sp/><sp/><sp/><sp/><sp/><sp/><sp/><sp/><sp/></highlight><highlight class="comment">//<sp/>send<sp/></highlight><highlight class="normal"></highlight></codeline>
<codeline lineno="117"><highlight class="normal"><sp/><sp/><sp/><sp/><sp/><sp/><sp/><sp/><sp/><sp/><sp/><sp/>sendto(fd,<sp/>buf,<sp/>32,<sp/><ref refid="2__ser_8c_1a6e618c0ec6ffc8ac4489d11c65a5a67c" kindref="member">sendrecvflag</ref>,<sp/>(</highlight><highlight class="keyword">struct</highlight><highlight class="normal"><sp/>sockaddr*)&amp;addr_con,<sp/>addrlen);<sp/></highlight></codeline>
<codeline lineno="118"><highlight class="normal"><sp/><sp/><sp/><sp/><sp/><sp/><sp/><sp/><sp/><sp/><sp/><sp/><ref refid="2__ser_8c_1a37e9b2e0b0fcbe7d2d5bd9c9467c1fb8" kindref="member">clearBuf</ref>(buf);<sp/></highlight></codeline>
<codeline lineno="119"><highlight class="normal"><sp/><sp/><sp/><sp/><sp/><sp/><sp/><sp/>}<sp/></highlight></codeline>
<codeline lineno="120"><highlight class="normal"><sp/><sp/><sp/><sp/><sp/><sp/><sp/><sp/></highlight><highlight class="keywordflow">if</highlight><highlight class="normal"><sp/>(fp<sp/>!=<sp/>NULL)<sp/></highlight></codeline>
<codeline lineno="121"><highlight class="normal"><sp/><sp/><sp/><sp/><sp/><sp/><sp/><sp/><sp/><sp/><sp/><sp/>fclose(fp);<sp/></highlight></codeline>
<codeline lineno="122"><highlight class="normal"><sp/><sp/><sp/><sp/>}<sp/></highlight></codeline>
<codeline lineno="123"><highlight class="normal"><sp/><sp/><sp/><sp/></highlight><highlight class="keywordflow">return</highlight><highlight class="normal"><sp/>0;<sp/></highlight></codeline>
<codeline lineno="124"><highlight class="normal">}<sp/></highlight></codeline>
    </programlisting>
    <location file="/home/krishna/Documents/csn361/3/2_ser.c"/>
  </compounddef>
</doxygen>
