<?xml version='1.0' encoding='UTF-8' standalone='no'?>
<doxygen xmlns:xsi="http://www.w3.org/2001/XMLSchema-instance" xsi:noNamespaceSchemaLocation="compound.xsd" version="1.8.16">
  <compounddef id="5_8tcl" kind="file" language="Tcl">
    <compoundname>5.tcl</compoundname>
      <sectiondef kind="func">
      <memberdef kind="function" id="5_8tcl_1a30728837c246b65ef76298af0101d99c" prot="public" static="no" const="no" explicit="no" inline="no" virt="non-virtual">
        <type></type>
        <definition>finish</definition>
        <argsstring></argsstring>
        <name>finish</name>
        <briefdescription>
        </briefdescription>
        <detaileddescription>
<para>proc <computeroutput>finish</computeroutput> <parameterlist kind="param"><parameteritem>
<parameternamelist>
<parametername>[</parametername>
</parameternamelist>
<parameterdescription>
<para>] no arguments </para>
</parameterdescription>
</parameteritem>
</parameterlist>
</para>
        </detaileddescription>
        <inbodydescription>
        </inbodydescription>
        <location file="/home/krishna/Documents/csn361/3/5.tcl" line="10" column="1" bodyfile="/home/krishna/Documents/csn361/3/5.tcl" bodystart="10" bodyend="18"/>
      </memberdef>
      </sectiondef>
    <briefdescription>
    </briefdescription>
    <detaileddescription>
<para>File documentation </para>
    </detaileddescription>
    <programlisting>
<codeline><highlight class="comment">##<sp/>\file<sp/>5.tcl</highlight></codeline>
<codeline><highlight class="comment"></highlight><highlight class="comment">#<sp/>File<sp/>documentation</highlight></codeline>
<codeline><highlight class="comment"></highlight><highlight class="keyword">set</highlight><highlight class="normal"><sp/>ns<sp/>[new<sp/>Simulator]</highlight><highlight class="comment"></highlight></codeline>
<codeline><highlight class="comment"></highlight><highlight class="normal"></highlight></codeline>
<codeline><highlight class="normal"></highlight><highlight class="keyword">set</highlight><highlight class="normal"><sp/>nf<sp/>[open<sp/>5.nam<sp/>w]</highlight><highlight class="comment"></highlight></codeline>
<codeline><highlight class="comment"></highlight><highlight class="normal">$ns<sp/>namtrace-all<sp/>$nf</highlight><highlight class="comment"></highlight></codeline>
<codeline><highlight class="comment"></highlight><highlight class="normal"></highlight></codeline>
<codeline><highlight class="normal"></highlight><highlight class="comment">##<sp/>proc<sp/>\c<sp/>finish</highlight></codeline>
<codeline><highlight class="comment"></highlight><highlight class="comment">#<sp/>\param[<sp/>]<sp/>no<sp/>arguments</highlight></codeline>
<codeline><highlight class="comment"></highlight><highlight class="keyword">proc</highlight><highlight class="normal"><sp/>finish<sp/>{}<sp/>{</highlight></codeline>
<codeline><highlight class="normal"><sp/><sp/><sp/><sp/></highlight><highlight class="keyword">global</highlight><highlight class="normal"><sp/>ns<sp/>nf</highlight><highlight class="comment"></highlight></codeline>
<codeline><highlight class="comment"></highlight><highlight class="normal"><sp/><sp/><sp/><sp/>$ns<sp/>flush-trace</highlight><highlight class="comment"></highlight></codeline>
<codeline><highlight class="comment"></highlight><highlight class="normal"></highlight></codeline>
<codeline><highlight class="normal"><sp/><sp/><sp/><sp/></highlight><highlight class="keyword">close</highlight><highlight class="normal"><sp/>$nf</highlight><highlight class="comment"></highlight></codeline>
<codeline><highlight class="comment"></highlight><highlight class="normal"></highlight></codeline>
<codeline><highlight class="normal"><sp/><sp/><sp/><sp/></highlight><highlight class="keyword">exec</highlight><highlight class="normal"><sp/>nam<sp/>5.nam<sp/>&amp;</highlight><highlight class="comment"></highlight></codeline>
<codeline><highlight class="comment"></highlight><highlight class="normal"><sp/><sp/><sp/><sp/></highlight><highlight class="keyword">exit</highlight><highlight class="normal"><sp/>0</highlight><highlight class="comment"></highlight></codeline>
<codeline><highlight class="comment"></highlight><highlight class="normal">}</highlight><highlight class="comment"></highlight></codeline>
<codeline><highlight class="comment"></highlight><highlight class="normal"></highlight></codeline>
<codeline><highlight class="normal"></highlight><highlight class="keyword">set</highlight><highlight class="normal"><sp/>n0<sp/>[$ns<sp/>node]</highlight><highlight class="comment"></highlight></codeline>
<codeline><highlight class="comment"></highlight><highlight class="keyword">set</highlight><highlight class="normal"><sp/>n1<sp/>[$ns<sp/>node]</highlight><highlight class="comment"></highlight></codeline>
<codeline><highlight class="comment"></highlight><highlight class="keyword">set</highlight><highlight class="normal"><sp/>n2<sp/>[$ns<sp/>node]</highlight><highlight class="comment"></highlight></codeline>
<codeline><highlight class="comment"></highlight><highlight class="keyword">set</highlight><highlight class="normal"><sp/>n3<sp/>[$ns<sp/>node]</highlight><highlight class="comment"></highlight></codeline>
<codeline><highlight class="comment"></highlight><highlight class="keyword">set</highlight><highlight class="normal"><sp/>n4<sp/>[$ns<sp/>node]</highlight><highlight class="comment"></highlight></codeline>
<codeline><highlight class="comment"></highlight><highlight class="normal"></highlight></codeline>
<codeline><highlight class="normal">$ns<sp/>make-lan<sp/>&quot;$n0<sp/>$n1<sp/>$n2<sp/>$n3<sp/>$n4&quot;<sp/>0.5Mb<sp/>40ms<sp/>LL<sp/>Queue/DropTail<sp/>Mac/802_3</highlight><highlight class="comment"></highlight></codeline>
<codeline><highlight class="comment"></highlight><highlight class="normal"></highlight></codeline>
<codeline><highlight class="normal"></highlight><highlight class="keyword">set</highlight><highlight class="normal"><sp/>tcp0<sp/>[new<sp/>Agent/TCP]</highlight><highlight class="comment"></highlight></codeline>
<codeline><highlight class="comment"></highlight><highlight class="normal">$tcp0<sp/>set<sp/>class_<sp/>1</highlight><highlight class="comment"></highlight></codeline>
<codeline><highlight class="comment"></highlight><highlight class="normal">$ns<sp/>attach-agent<sp/>$n1<sp/>$tcp0</highlight><highlight class="comment"></highlight></codeline>
<codeline><highlight class="comment"></highlight><highlight class="keyword">set</highlight><highlight class="normal"><sp/>sink0<sp/>[new<sp/>Agent/TCPSink]</highlight><highlight class="comment"></highlight></codeline>
<codeline><highlight class="comment"></highlight><highlight class="normal">$ns<sp/>attach-agent<sp/>$n3<sp/>$sink0</highlight><highlight class="comment"></highlight></codeline>
<codeline><highlight class="comment"></highlight><highlight class="normal">$ns<sp/>connect<sp/>$tcp0<sp/>$sink0</highlight><highlight class="comment"></highlight></codeline>
<codeline><highlight class="comment"></highlight><highlight class="normal"></highlight></codeline>
<codeline><highlight class="normal"></highlight><highlight class="keyword">set</highlight><highlight class="normal"><sp/>cbr0<sp/>[new<sp/>Application/Traffic/CBR]</highlight><highlight class="comment"></highlight></codeline>
<codeline><highlight class="comment"></highlight><highlight class="normal">$cbr0<sp/>set<sp/>packetSize_<sp/>500</highlight><highlight class="comment"></highlight></codeline>
<codeline><highlight class="comment"></highlight><highlight class="normal">$cbr0<sp/>set<sp/>interval_<sp/>0.01</highlight><highlight class="comment"></highlight></codeline>
<codeline><highlight class="comment"></highlight><highlight class="normal">$cbr0<sp/>attach-agent<sp/>$tcp0</highlight><highlight class="comment"></highlight></codeline>
<codeline><highlight class="comment"></highlight><highlight class="normal"></highlight></codeline>
<codeline><highlight class="normal">$ns<sp/>at<sp/>0.5<sp/>&quot;$cbr0<sp/>start&quot;</highlight><highlight class="comment"></highlight></codeline>
<codeline><highlight class="comment"></highlight><highlight class="normal">$ns<sp/>at<sp/>4.5<sp/>&quot;$cbr0<sp/>stop&quot;</highlight><highlight class="comment"></highlight></codeline>
<codeline><highlight class="comment"></highlight><highlight class="normal"></highlight></codeline>
<codeline><highlight class="normal"></highlight></codeline>
<codeline><highlight class="normal">$ns<sp/>at<sp/>5.0<sp/>&quot;finish&quot;</highlight><highlight class="comment"></highlight></codeline>
<codeline><highlight class="comment"></highlight><highlight class="normal"></highlight></codeline>
<codeline><highlight class="normal">$ns<sp/>run</highlight></codeline>
    </programlisting>
    <location file="/home/krishna/Documents/csn361/3/5.tcl"/>
  </compounddef>
</doxygen>
