<?xml version='1.0' encoding='UTF-8' standalone='no'?>
<doxygen xmlns:xsi="http://www.w3.org/2001/XMLSchema-instance" xsi:noNamespaceSchemaLocation="compound.xsd" version="1.8.16">
  <compounddef id="dir_f396504afdc959660871b003fa10164d" kind="dir">
    <compoundname>/home/krishna/Documents</compoundname>
    <innerdir refid="dir_bedbe5b72f8c25c424ebe6feec5512cd">/home/krishna/Documents/csn361</innerdir>
    <briefdescription>
    </briefdescription>
    <detaileddescription>
    </detaileddescription>
    <location file="/home/krishna/Documents/"/>
  </compounddef>
</doxygen>
