<?xml version='1.0' encoding='UTF-8' standalone='no'?>
<doxygen xmlns:xsi="http://www.w3.org/2001/XMLSchema-instance" xsi:noNamespaceSchemaLocation="compound.xsd" version="1.8.16">
  <compounddef id="dir_bedbe5b72f8c25c424ebe6feec5512cd" kind="dir">
    <compoundname>/home/krishna/Documents/csn361</compoundname>
    <innerdir refid="dir_ee76fc5d63b5f115dc8ed22e640a8436">/home/krishna/Documents/csn361/3</innerdir>
    <briefdescription>
    </briefdescription>
    <detaileddescription>
    </detaileddescription>
    <location file="/home/krishna/Documents/csn361/"/>
  </compounddef>
</doxygen>
