<?xml version='1.0' encoding='UTF-8' standalone='no'?>
<doxygenindex xmlns:xsi="http://www.w3.org/2001/XMLSchema-instance" xsi:noNamespaceSchemaLocation="index.xsd" version="1.8.16">
  <compound refid="1_8c" kind="file"><name>1.c</name>
    <member refid="1_8c_1a874c2affa0e05eef5dbcd62f0232a591" kind="function"><name>findClass</name></member>
    <member refid="1_8c_1a5f90e3b26836b8a0ff338c925198593d" kind="function"><name>separate</name></member>
    <member refid="1_8c_1a0ddf1224851353fc92bfbff6f499fa97" kind="function"><name>main</name></member>
  </compound>
  <compound refid="2__cli_8c" kind="file"><name>2_cli.c</name>
    <member refid="2__cli_8c_1acb7a517f6cc25250ec5e28f1c2e0df20" kind="define"><name>flag</name></member>
    <member refid="2__cli_8c_1a37e9b2e0b0fcbe7d2d5bd9c9467c1fb8" kind="function"><name>clearBuf</name></member>
    <member refid="2__cli_8c_1a0d285ee71db2ee39e24c4a6e552991f3" kind="function"><name>recvFile</name></member>
    <member refid="2__cli_8c_1a0ddf1224851353fc92bfbff6f499fa97" kind="function"><name>main</name></member>
  </compound>
  <compound refid="2__ser_8c" kind="file"><name>2_ser.c</name>
    <member refid="2__ser_8c_1a6e618c0ec6ffc8ac4489d11c65a5a67c" kind="define"><name>sendrecvflag</name></member>
    <member refid="2__ser_8c_1a49e1fa6b4860231cbcb87bd74f65569f" kind="define"><name>nofile</name></member>
    <member refid="2__ser_8c_1a37e9b2e0b0fcbe7d2d5bd9c9467c1fb8" kind="function"><name>clearBuf</name></member>
    <member refid="2__ser_8c_1a19fc2d7afbfbca5d5b78534e8eeb6b29" kind="function"><name>sendFile</name></member>
    <member refid="2__ser_8c_1ae66f6b31b5ad750f1fe042a706a4e3d4" kind="function"><name>main</name></member>
  </compound>
  <compound refid="3_8tcl" kind="file"><name>3.tcl</name>
    <member refid="3_8tcl_1a30728837c246b65ef76298af0101d99c" kind="function"><name>finish</name></member>
  </compound>
  <compound refid="4_8tcl" kind="file"><name>4.tcl</name>
    <member refid="4_8tcl_1a30728837c246b65ef76298af0101d99c" kind="function"><name>finish</name></member>
  </compound>
  <compound refid="5-bak_8tcl" kind="file"><name>5-bak.tcl</name>
    <member refid="5-bak_8tcl_1a30728837c246b65ef76298af0101d99c" kind="function"><name>finish</name></member>
  </compound>
  <compound refid="5_8tcl" kind="file"><name>5.tcl</name>
    <member refid="5_8tcl_1a30728837c246b65ef76298af0101d99c" kind="function"><name>finish</name></member>
  </compound>
  <compound refid="dir_ee76fc5d63b5f115dc8ed22e640a8436" kind="dir"><name>/home/krishna/Documents/csn361/3</name>
  </compound>
  <compound refid="dir_bedbe5b72f8c25c424ebe6feec5512cd" kind="dir"><name>/home/krishna/Documents/csn361</name>
  </compound>
  <compound refid="dir_f396504afdc959660871b003fa10164d" kind="dir"><name>/home/krishna/Documents</name>
  </compound>
</doxygenindex>
